Title,Rating,Oscars,Total Nominations and Awards,Director,Gross,MPAA Rating,Users Reviews Count,Critics Reviews Count,Ratings Number
A Nightmare on Elm Street (1984),7.5,Awards,4 wins & 6 nominations,Wes Craven,"$25,565,347",R,882,241,224K
Awakenings (1990),7.8,Nominated for 3 Oscars,6 wins & 11 nominations total,Penny Marshall,"$52,096,475",PG-13,246,51,134K
A League of Their Own (1992),7.3,Awards,6 wins & 13 nominations,Penny Marshall,"$132,440,069",PG,244,66,100K
A Bronx Tale (1993),7.8,Awards,1 win & 3 nominations,Robert De Niro,"$17,287,898",R,239,56,135K
Angels in the Outfield (1994),6.2,Awards,1 win & 4 nominations,William Dear,"$50,236,831",PG,75,24,31K
A Time to Kill (1996),7.5,Awards,7 wins & 12 nominations,Joel Schumacher,"$152,266,007",R,296,86,144K
Amistad (1997),7.3,Nominated for 4 Oscars,11 wins & 43 nominations total,Steven Spielberg,"$44,229,441",R,251,92,75K
Anaconda (1997),4.8,Awards,6 wins & 11 nominations,Luis Llosa,"$136,885,767",PG-13,337,84,101K
"A Cool, Dry Place (1998)",6.2,Awards,6 wins & 11 nominations,Luis Llosa,"Jan 31, 1999",PG-13,337,84,101K
American History X (1998),8.5,Nominated for 1 Oscar,4 wins & 15 nominations total,Tony Kaye,"$23,875,127",R,1.6K,128,1.1M
Analyze This (1999),6.7,Awards,4 wins & 7 nominations,Harold Ramis,"$176,885,658",R,359,123,150K
Almost Famous (2000),7.9,Won 1 Oscar,53 wins & 103 nominations total,Cameron Crowe,"$47,386,287",R,916,171,267K
American Psycho (2000),7.6,Awards,8 wins & 13 nominations,Mary Harron,"$34,266,564",R,1.3K,324,535K
A.I. Artificial Intelligence (2001),7.2,Nominated for 2 Oscars,17 wins & 71 nominations total,Steven Spielberg,"$235,926,552",PG-13,2.2K,124,300K
Ali (2001),6.8,Nominated for 2 Oscars,10 wins & 27 nominations total,Michael Mann,2.39 : 1,R,409,179,97K
American Pie 2 (2001),6.4,Awards,8 wins & 6 nominations,J.B. Rogers,"$287,553,595",R,455,134,248K
A Beautiful Mind (2001),8.2,Won 4 Oscars,37 wins & 69 nominations total,Ron Howard,"$316,791,257",PG-13,1.3K,159,889K
Angel Eyes (2001),5.7,Awards,3 wins & 5 nominations,Luis Mandoki,"$29,715,606",R,179,88,24K
A Knight's Tale (2001),6.9,Awards,4 wins & 13 nominations,Brian Helgeland,"$117,487,473",PG-13,725,144,180K
Antwone Fisher (2002),7.3,Awards,19 wins & 22 nominations,Denzel Washington,"$23,367,586",PG-13,171,115,35K
About a Boy (2002),7.1,Nominated for 1 Oscar,11 wins & 30 nominations total,Chris Weitz,2.39 : 1,PG-13,443,155,180K
Analyze That (2002),5.9,Awards,1 win,Harold Ramis,"$55,003,135",R,149,92,84K
All About the Benjamins (2002),5.9,Awards,1 win,Harold Ramis,"$26,306,533",R,149,92,84K
Agent Cody Banks (2003),5.1,Awards,5 nominations,Harald Zwart,"$58,795,814",PG,109,82,34K
American Splendor (2003),7.4,Nominated for 1 Oscar,31 wins & 50 nominations total,Shari Springer Berman,"$7,986,084",R,232,201,49K
American Wedding (2003),6.3,Awards,3 wins & 6 nominations,Jesse Dylan,"$232,722,935",R,355,142,201K
Anger Management (2003),6.2,Awards,2 wins & 4 nominations,Peter Segal,"$195,745,823",PG-13,509,76,210K
Anchorman: The Legend of Ron Burgundy (2004),7.2,Awards,1 win & 13 nominations,Adam McKay,"$90,709,367",PG-13,638,169,343K
Alfie (2004),6.2,Awards,7 wins & 8 nominations,Charles Shyer,"$35,060,882",R,163,139,52K
A Man's Gotta Do (2004),6.6,Awards,1 win,Chris Kennedy,TV-14,TV-14,15,5,222
A History of Violence (2005),7.4,Nominated for 2 Oscars,37 wins & 84 nominations total,David Cronenberg,"$61,385,065",R,1.1K,460,231K
Are We There Yet? (2005),4.7,Awards,1 win & 8 nominations,Brian Levant,"$97,918,663",PG,176,79,31K
Accepted (2006),6.4,Awards,4 nominations,Steve Pink,"$38,623,262",PG-13,245,112,129K
Are We Done Yet? (2007),4.3,Awards,3 nominations,Steve Carr,"$58,388,068",PG,72,65,21K
Adventureland (2009),6.8,Awards,1 win & 4 nominations,Greg Mottola,"$17,164,820",R,259,256,157K
A Perfect Getaway (2009),6.5,Awards,1 nomination,David Twohy,"$22,955,544",R,284,107,71K
Avatar (2009),7.8,Won 3 Oscars,89 wins & 131 nominations total,James Cameron,"$2,847,246,203",PG-13,3.5K,481,1.2M
Alice in Wonderland (2010),6.4,Won 2 Oscars,35 wins & 63 nominations total,Tim Burton,"$1,025,468,216",PG,819,462,399K
A Nightmare on Elm Street (2010),5.2,Awards,2 wins & 11 nominations,Samuel Bayer,"$115,695,182",R,802,189,97K
A Good Old Fashioned Orgy (2011),6.1,Awards,2 wins & 11 nominations,Samuel Bayer,"$1,378,947",R,802,189,97K
A Very Harold & Kumar 3D Christmas (2011),6.3,Awards,1 nomination,Todd Strauss-Schulson,"$36,192,775",R,107,169,68K
Arena (Video 2011),4.8,Awards,1 nomination,Todd Strauss-Schulson,"$4,800",R,107,169,68K
Bloodsport (1988),6.8,Awards,1 nomination,Newt Arnold,"$11,806,119",R,284,92,82K
Henry & June (1990),6.3,Nominated for 1 Oscar,1 win & 5 nominations total,Philip Kaufman,"Oct 8, 1990",NC-17,58,35,13K
Boyz n the Hood (1991),7.8,Nominated for 2 Oscars,12 wins & 23 nominations total,John Singleton,"$57,529,070",R,258,84,134K
Billy Bathgate (1991),5.9,Awards,3 nominations,Robert Benton,"$15,565,363",R,45,31,12K
Boomerang (1992),5.6,Awards,1 win & 5 nominations,Reginald Hudlin,"$131,052,444",R,69,24,29K
Beethoven (1992),5.7,Awards,1 win & 4 nominations,Brian Levant,"$147,214,049",PG,85,26,70K
Bad Girls (1994),5.2,Awards,1 win & 4 nominations,Brian Levant,"$15,240,435",PG,85,26,70K
Boys on the Side (1995),6.5,Awards,1 win & 2 nominations,Herbert Ross,2.39 : 1,R,52,35,13K
Babe (1995),6.8,Won 1 Oscar,20 wins & 26 nominations total,Chris Noonan,"$254,134,910",G,234,53,122K
Batman Forever (1995),5.4,Nominated for 3 Oscars,10 wins & 26 nominations total,Joel Schumacher,"$336,567,158",PG-13,665,172,243K
Boogie Nights (1997),7.9,Nominated for 3 Oscars,36 wins & 64 nominations total,Paul Thomas Anderson,"$43,101,594",R,647,189,253K
Bulworth (1998),6.8,Nominated for 1 Oscar,1 win & 20 nominations total,Warren Beatty,"$29,202,884",R,241,96,26K
Bride of Chucky (1998),5.5,Awards,5 wins & 7 nominations,Ronny Yu,"$50,688,658",R,346,111,56K
Blue Streak (1999),6.3,Awards,5 wins & 7 nominations,Ronny Yu,"$117,758,500",R,346,111,56K
Bait (2000),5.8,Awards,5 wins & 7 nominations,Ronny Yu,"$15,471,969",R,346,111,56K
Bedazzled (2000),6.0,Awards,1 win & 3 nominations,Harold Ramis,"$90,383,208",PG-13,276,102,101K
Big Momma's House (2000),5.2,Awards,1 win & 9 nominations,Raja Gosnell,"$173,959,438",PG-13,161,107,84K
Billy Elliot (2000),7.7,Nominated for 3 Oscars,57 wins & 73 nominations total,Stephen Daldry,"$109,283,018",R,478,84,131K
Boiler Room (2000),7.0,Awards,1 win & 9 nominations,Ben Younger,"$28,780,255",R,260,62,52K
Bring It On (2000),6.1,Awards,2 wins & 7 nominations,Peyton Reed,"$90,449,929",PG-13,410,99,93K
Battlefield Earth (2000),2.5,Awards,19 wins & 3 nominations,Roger Christian,"$29,725,663",PG-13,1.4K,123,79K
Buffalo Soldiers (2001),6.8,Awards,1 win & 6 nominations,Gregor Jordan,"$2,300,684",R,117,101,24K
Baby Boy (2001),6.4,Awards,1 win & 14 nominations,John Singleton,"$29,381,649",R,94,46,14K
Blow (2001),7.6,Awards,3 wins & 9 nominations,Ted Demme,"$83,282,296",R,471,144,250K
Bandits (2001),6.5,Awards,4 wins & 7 nominations,Barry Levinson,"$67,631,903",PG-13,286,111,67K
Behind Enemy Lines (2001),6.4,Awards,1 win & 2 nominations,John Moore,"$91,753,202",PG-13,458,116,103K
Black Hawk Down (2001),7.7,Won 2 Oscars,11 wins & 37 nominations total,Ridley Scott,"$172,989,651",R,1.1K,222,380K
Bones (2001),4.3,Awards,1 nomination,Ernest R. Dickerson,"$8,378,853",R,96,63,7.4K
Bubble Boy (2001),5.6,Awards,1 nomination,Blair Hayes,"$5,007,898",PG-13,190,44,33K
Black Knight (2001),4.9,Awards,2 nominations,Gil Junger,2.39 : 1,PG-13,182,51,40K
Barbershop (2002),6.3,Awards,1 win & 17 nominations,Tim Story,"$77,063,924",PG-13,162,92,31K
Blue Crush (2002),5.7,Awards,1 win & 7 nominations,John Stockwell,"$51,843,679",PG-13,216,61,31K
Bad Boys II (2003),6.6,Awards,5 wins & 13 nominations,Michael Bay,"$273,339,556",R,581,118,242K
Bad Santa (2003),7.0,Awards,1 win & 12 nominations,Terry Zwigoff,"$76,490,720",R,524,191,139K
Basic (2003),6.5,Awards,3 nominations,John McTiernan,"$42,792,561",R,316,140,62K
Big Fish (2003),8.0,Nominated for 1 Oscar,69 nominations total,Tim Burton,"Dec 14, 2003",PG-13,918,253,430K
Biker Boyz (2003),4.7,Nominated for 1 Oscar,69 nominations total,Tim Burton,"$23,510,621",PG-13,918,253,430K
Bringing Down the House (2003),5.6,Awards,4 wins & 13 nominations,Adam Shankman,"$164,729,679",PG-13,236,122,36K
Bruce Almighty (2003),6.8,Awards,7 wins & 9 nominations,Tom Shadyac,"$484,592,874",PG-13,661,180,387K
Bulletproof Monk (2003),5.5,Awards,1 nomination,Paul Hunter,"$37,713,879",PG-13,191,142,50K
Beyond the Sea (2004),6.7,Awards,7 nominations,Kevin Spacey,"$8,447,615",PG-13,260,89,15K
Barbershop 2: Back in Business (2004),5.7,Awards,2 wins & 10 nominations,Kevin Rodney Sullivan,"$65,991,448",PG-13,70,57,15K
Be Cool (2005),5.6,Awards,1 win & 13 nominations,F. Gary Gray,"$95,763,716",PG-13,336,165,69K
BloodRayne (2005),2.9,Awards,4 wins & 11 nominations,Uwe Boll,"$3,650,275",R,494,78,35K
Brokeback Mountain (2005),7.7,Won 3 Oscars,141 wins & 132 nominations total,Ang Lee,"$178,062,759",R,2.4K,238,342K
Blood Diamond (2006),8.0,Nominated for 5 Oscars,8 wins & 32 nominations total,Edward Zwick,"$171,720,398",R,758,182,524K
Bill (2007),6.2,Awards,1 nomination,Bernie Goldmann,"$346,592",R,57,31,20K
Before the Devil Knows You're Dead (2007),7.3,Awards,17 wins & 27 nominations,Sidney Lumet,"$25,038,466",R,328,208,101K
Brick Lane (2007),6.6,Awards,3 wins & 5 nominations total,Sarah Gavron,"$3,796,190",PG-13,34,77,3.1K
Boy A (2007),7.6,Awards,13 wins & 11 nominations total,John Crowley,"$1,202,375",R,88,96,37K
Body of Lies (2008),7.1,Awards,2 nominations,Ridley Scott,"$115,900,897",R,315,237,222K
Brooklyn's Finest (2009),6.7,Awards,1 win & 10 nominations,Antoine Fuqua,"$45,719,985",R,161,166,63K
Boy (2010),7.5,Awards,13 wins & 9 nominations,Taika Waititi,"$43,551,154",Not Rated,78,81,25K
Burning Palms (2010),5.4,Awards,13 wins & 9 nominations,Taika Waititi,"$5,000,000 (estimated)",Not Rated,78,81,25K
Bad Teacher (2011),5.6,Awards,6 wins & 4 nominations,Jake Kasdan,"$216,197,492",R,360,261,199K
Bridesmaids (2011),6.8,Nominated for 2 Oscars,25 wins & 72 nominations total,Paul Feig,"$288,383,523",R,620,395,282K
Child's Play (1988),6.6,Awards,2 wins & 4 nominations,Tom Holland,"$44,196,684",R,399,132,96K
Cry-Baby (1990),6.5,Awards,2 wins & 4 nominations,Tom Holland,"$8,266,343",R,399,132,96K
Child's Play 2 (1990),5.9,Awards,1 win,John Lafia,"$35,763,605",R,246,83,49K
Child's Play 3 (1991),5.1,Awards,1 win & 3 nominations,Jack Bender,"$20,560,255",R,203,75,39K
Cape Fear (1991),7.3,Nominated for 2 Oscars,5 wins & 21 nominations total,Martin Scorsese,"$182,291,969",R,373,145,185K
Casino (1995),8.2,Nominated for 1 Oscar,4 wins & 11 nominations total,Martin Scorsese,"$116,112,375",R,705,123,493K
Chasing Amy (1997),7.2,Awards,5 wins & 16 nominations,Kevin Smith,"$12,021,272",R,524,142,136K
Con Air (1997),6.9,Nominated for 2 Oscars,7 wins & 11 nominations total,Simon West,"$224,012,234",R,436,129,288K
Cop Land (1997),6.9,Awards,1 win & 1 nomination,James Mangold,"$44,862,187",R,260,139,91K
Clay Pigeons (1998),6.6,Awards,1 nomination,David Dobkin,"$1,794,086",R,114,49,11K
Charlie's Angels (2000),5.6,Awards,15 wins & 33 nominations,McG,"$264,105,545",PG-13,685,205,183K
Cast Away (2000),7.8,Nominated for 2 Oscars,15 wins & 38 nominations total,Robert Zemeckis,"$429,632,142",PG-13,1.2K,108,559K
Chopper (2000),7.2,Awards,12 wins & 14 nominations,Andrew Dominik,"$307,289",R,171,85,38K
Coyote Ugly (2000),5.7,Awards,4 wins & 8 nominations,David McNally,"$113,916,474",PG-13,405,139,111K
Corky Romano (2001),4.7,Awards,1 nomination,Rob Pritts,"$25,272,752",PG-13,110,62,13K
Crocodile Dundee in Los Angeles (2001),4.8,Awards,1 win & 2 nominations,Simon Wincer,"$39,438,674",PG,132,79,25K
Cats & Dogs (2001),5.1,Awards,2 wins & 3 nominations,Lawrence Guterman,"$200,687,492",PG,244,107,58K
Catch Me If You Can (2002),8.1,Nominated for 2 Oscars,16 wins & 46 nominations total,Steven Spielberg,"$352,114,312",PG-13,936,212,900K
Confessions of a Dangerous Mind (2002),7.0,Awards,7 wins & 12 nominations,George Clooney,"$33,013,805",R,283,181,87K
Charlie's Angels: Full Throttle (2003),4.9,Awards,9 wins & 21 nominations,McG,"$259,175,788",PG-13,582,120,126K
Cheaper by the Dozen (2003),5.9,Awards,2 wins & 7 nominations,Shawn Levy,"$190,538,630",PG,299,113,99K
Cold Creek Manor (2003),5.0,Awards,1 nomination,Mike Figgis,"$29,119,434",R,280,96,22K
Cradle 2 the Grave (2003),5.8,Awards,6 nominations,Andrzej Bartkowiak,"$56,489,558",R,197,102,44K
Charlie's Angels: Full Throttle (2003),4.9,Awards,9 wins & 21 nominations,McG,"$259,175,788",PG-13,582,120,126K
Crash (2004),7.7,Won 3 Oscars,66 wins & 112 nominations total,Paul Haggis,"$98,410,061",R,1.7K,289,429K
Catwoman (2004),3.4,Awards,13 wins & 8 nominations,Pitof,"$82,102,379",PG-13,761,137,115K
Casanova (2005),6.5,Awards,5 wins & 3 nominations,Lasse Hallström,"$37,691,644",R,159,120,53K
Charlie and the Chocolate Factory (2005),6.6,Nominated for 1 Oscar,15 wins & 52 nominations total,Tim Burton,"$474,968,763",PG,1.4K,268,452K
Coach Carter (2005),7.3,Awards,3 wins & 15 nominations,Thomas Carter,"$76,669,554",PG-13,260,122,138K
Candy (2006),7.2,Awards,6 wins & 17 nominations,Neil Armfield,"$2,105,096",R,92,68,45K
Click (2006),6.4,Nominated for 1 Oscar,3 wins & 12 nominations total,Frank Coraci,"$240,685,326",PG-13,835,163,319K
Cadillac Records (2008),7.0,Awards,6 wins & 21 nominations,Darnell Martin,"$8,883,644",R,108,86,21K
Couples Retreat (2009),5.5,Awards,1 win & 4 nominations,Peter Billingsley,"$171,844,840",PG-13,185,170,106K
Cyrus (2010),6.3,Awards,7 nominations,Jay Duplass,"$9,933,873",R,131,228,35K
Cop Out (2010),5.6,Awards,1 nomination,Kevin Smith,"$55,611,001",R,204,212,87K
Cowboys & Aliens (2011),6.0,Awards,1 win & 17 nominations,Jon Favreau,"$174,822,325",PG-13,584,449,216K
Captain America: The First Avenger (2011),6.9,Awards,4 wins & 46 nominations,Joe Johnston,"$370,569,774",PG-13,1K,571,792K
Conan the Barbarian (2011),5.2,Awards,2 nominations,Marcus Nispel,"$63,523,283",R,391,322,98K
Cedar Rapids (2011),6.3,Awards,1 win & 4 nominations,Miguel Arteta,"$7,728,936",R,98,216,37K
"Crazy, Stupid, Love. (2011)",7.4,Awards,4 wins & 23 nominations,Glenn Ficarra,"$145,051,197",PG-13,439,325,497K
Colombiana (2011),6.4,Awards,2 wins & 5 nominations,Olivier Megaton,"$71,508,440",PG-13,258,207,99K
Dick Tracy (1990),6.1,Won 3 Oscars,9 wins & 36 nominations total,Warren Beatty,"$162,738,726",PG,198,105,60K
Dazed and Confused (1993),7.6,Awards,1 win & 4 nominations,Richard Linklater,"$7,993,039",R,515,176,176K
Dead Man Walking (1995),7.5,Won 1 Oscar,23 wins & 23 nominations total,Tim Robbins,"$39,363,635",R,232,70,92K
Donnie Brasco (1997),7.7,Nominated for 1 Oscar,2 wins & 16 nominations total,Mike Newell,"$124,909,762",R,322,119,293K
Doctor Dolittle (1998),5.4,Awards,4 wins & 10 nominations,Betty Thomas,"$294,456,605",PG-13,115,80,95K
Dracula 2000 (2000),4.9,Awards,2 nominations,Patrick Lussier,"$47,053,625",R,378,131,33K
"Dude, Where's My Car? (2000)",5.5,Awards,6 nominations,Danny Leiner,"Dec 17, 2000",PG-13,494,67,138K
Duets (2000),6.1,Awards,1 nomination,Bruce Paltrow,"$6,620,242",R,135,67,9.5K
Down to Earth (2001),5.5,Awards,3 nominations,Chris Weitz,"$71,186,502",PG-13,127,62,24K
Dr. Dolittle 2 (2001),4.7,Awards,3 wins & 6 nominations,Steve Carr,"$176,104,344",PG,86,92,44K
The Forsaken (2001),5.3,Awards,3 wins & 6 nominations,Steve Carr,"$8,704,851",PG,86,92,44K
Driven (2001),4.6,Awards,1 win & 10 nominations,Renny Harlin,"$54,744,738",PG-13,346,117,41K
Donnie Darko (2001),8.0,Awards,12 wins & 16 nominations,Richard Kelly,"$6,981,586",R,2.3K,393,770K
Domestic Disturbance (2001),5.6,Awards,1 win & 3 nominations,Harold Becker,"$54,249,294",PG-13,208,91,27K
Dr. Dolittle 2 (2001),4.7,Awards,3 wins & 6 nominations,Steve Carr,"$176,104,344",PG,86,92,44K
Death to Smoochy (2002),6.3,Awards,2 nominations,Danny DeVito,"$8,382,938",R,347,81,40K
Die Another Day (2002),6.1,Awards,6 wins & 36 nominations,Lee Tamahori,"$431,971,116",PG-13,1.2K,130,214K
The Cat in the Hat (2003),4.0,Awards,7 wins & 22 nominations,Bo Welch,"$133,960,541",PG,640,104,80K
Duplex (2003),5.9,Awards,2 nominations,Danny DeVito,"$19,322,135",PG-13,162,58,57K
Daddy Day Care (2003),5.6,Awards,1 win & 6 nominations,Steve Carr,"$164,433,867",PG,150,85,67K
Dodgeball: A True Underdog Story (2004),6.7,Awards,2 wins & 9 nominations,Rawson Marshall Thurber,2.39 : 1,PG-13,422,148,240K
Dan in Real Life (2007),6.7,Awards,4 nominations,Peter Hedges,"$68,474,305",PG-13,292,209,101K
Date Night (2010),6.3,Awards,4 wins & 8 nominations,Shawn Levy,"$152,263,880",PG-13,248,251,158K
Dear John (2010),6.3,Awards,4 wins & 8 nominations,Lasse Hallström,"$114,984,666",PG-13,250,168,145K
Despicable Me (2010),7.6,Awards,3 wins & 41 nominations total,Pierre Coffin,"$543,113,985",PG,394,191,521K
Diary of a Wimpy Kid (2010),6.2,Awards,5 wins & 9 nominations,Thor Freudenthal,"$76,196,538",PG,146,112,47K
Dream House (2011),6.0,Awards,2 nominations,Jim Sheridan,"$39,984,400",PG-13,188,186,66K
Drive (2011),7.8,Nominated for 1 Oscar,79 wins & 180 nominations total,Nicolas Winding Refn,"$77,187,281",R,1.6K,719,601K
Deadheads (2011),5.4,Awards,2 wins & 1 nomination,Brett Pierce,Dead Heads,R,42,60,5.3K
Enemy at the Gates (2001),7.6,Awards,7 nominations,Jean-Jacques Annaud,"$96,976,270",R,731,105,253K
Evolution (2001),6.1,Awards,2 nominations,Ivan Reitman,"$98,376,292",PG-13,471,142,126K
Exit Wounds (2001),5.6,Awards,4 nominations,Andrzej Bartkowiak,"$79,958,599",R,245,112,35K
E.T. the Extra-Terrestrial (1982),7.8,Won 4 Oscars,52 wins & 36 nominations total,Steven Spielberg,"$792,910,554",PG,663,265,390K
Edward Scissorhands (1990),7.9,Nominated for 1 Oscar,9 wins & 24 nominations total,Tim Burton,"$86,024,005",PG-13,719,116,467K
Executive Decision (1996),6.4,Awards,2 wins & 2 nominations,Stuart Baird,"$121,969,216",R,182,71,54K
EverAfter (1998),7.0,Awards,6 wins & 15 nominations,Andy Tennant,"$98,005,666",PG-13,389,46,73K
Edtv (1999),6.1,Awards,2 nominations,Ron Howard,"$35,242,897",PG-13,205,76,43K
Erin Brockovich (2000),7.4,Won 1 Oscar,33 wins & 59 nominations total,Steven Soderbergh,"$256,271,286",R,554,152,188K
From Hell (2001),6.8,Awards,15 nominations,Albert Hughes,"$74,558,115",R,570,185,152K
Frailty (2001),7.2,Awards,5 wins & 16 nominations,Bill Paxton,"$17,423,030",R,549,180,81K
Eight Legged Freaks (2002),5.4,Awards,1 nomination,Ellory Elkayem,2.39 : 1,PG-13,326,199,56K
EuroTrip (2004),6.6,Awards,2 nominations,Jeff Schaffer,"$22,605,153",R,374,82,204K
Evan Almighty (2007),5.4,Awards,2 wins & 11 nominations,Tom Shadyac,"$174,440,724",PG,303,189,144K
Enchanted (2007),7.0,Nominated for 3 Oscars,12 wins & 51 nominations total,Kevin Lima,"$340,487,836",PG,446,233,190K
Extreme Movie (2008),3.7,Nominated for 3 Oscars,12 wins & 51 nominations total,Kevin Lima,"$54,822",PG,446,233,190K
Easy A (2010),7.0,Awards,9 wins & 21 nominations,Will Gluck,"$75,026,327",PG-13,381,281,375K
Full Metal Jacket (1987),8.3,Nominated for 1 Oscar,8 wins & 15 nominations total,Stanley Kubrick,"Jun 28, 1987",R,910,172,707K
Freddy's Dead: The Final Nightmare (1991),4.9,Awards,1 win & 4 nominations,Rachel Talalay,"$34,872,033",R,308,97,45K
Father Hood (1993),4.9,Awards,1 win & 4 nominations,Rachel Talalay,"$3,418,141",R,308,97,45K
Friday (1995),7.3,Awards,1 win & 5 nominations,F. Gary Gray,"$28,215,918",R,209,28,107K
Fear (1996),6.2,Awards,1 win & 2 nominations,James Foley,"$20,831,000",R,193,65,46K
K-PAX (2001),7.4,Awards,3 nominations,Iain Softley,"$65,001,485",PG-13,569,125,180K
Fear and Loathing in Las Vegas (1998),7.6,Awards,1 win & 3 nominations,Terry Gilliam,"$10,680,275",R,746,159,271K
Flawless (1999),6.5,Awards,3 wins & 4 nominations,Joel Schumacher,"$4,488,529",R,113,68,19K
Fight Club (1999),8.8,Nominated for 1 Oscar,11 wins & 38 nominations total,David Fincher,"$101,209,702",R,4.1K,384,2M
Final Destination (2000),6.7,Awards,3 wins & 5 nominations,James Wong,"$112,880,294",R,780,156,243K
Frequency (2000),7.3,Awards,2 wins & 8 nominations,Gregory Hoblit,"$68,106,245",PG-13,561,122,105K
Freddy Got Fingered (2001),4.6,Awards,12 wins & 7 nominations,Tom Green,"$14,343,028",R,725,82,48K
Frailty (2001),7.2,Awards,5 wins & 16 nominations,Bill Paxton,"$17,423,030",R,549,180,81K
From Hell (2001),6.8,Awards,15 nominations,Albert Hughes,"$74,558,115",R,570,185,152K
Friday After Next (2002),5.8,Awards,15 nominations,Albert Hughes,"$33,526,835",R,570,185,152K
Finding Neverland (2004),7.6,Won 1 Oscar,19 wins & 81 nominations total,Marc Forster,"$116,650,613",PG,676,235,203K
Fantastic Four (2005),5.7,Awards,4 wins & 12 nominations,Tim Story,"$333,535,934",PG-13,1K,117,321K
Four Brothers (2005),6.8,Awards,5 wins & 9 nominations,John Singleton,"$92,374,674",R,379,128,141K
Failure to Launch (2006),5.6,Awards,5 nominations,Tom Dey,"$130,224,158",PG-13,283,145,78K
4: Rise of the Silver Surfer (2007),5.6,Awards,3 wins & 17 nominations,Tim Story,"$301,913,131",PG,491,264,258K
Fred Claus (2007),5.6,Awards,3 wins & 17 nominations,Tim Story,"$97,838,349",PG,491,264,258K
First Sunday (2008),4.6,Awards,3 wins & 17 nominations,Tim Story,"$38,810,311",PG,491,264,258K
Fool's Gold (2008),5.7,Awards,5 nominations,Andy Tennant,"$111,231,041",PG-13,174,183,77K
Forgetting Sarah Marshall (2008),7.1,Awards,4 wins & 19 nominations,Nicholas Stoller,"$105,833,257",R,407,255,275K
Four Christmases (2008),5.7,Awards,1 win & 1 nomination,Seth Gordon,"$164,112,721",PG-13,177,148,68K
Funny People (2009),6.3,Awards,3 nominations,Judd Apatow,"$71,585,235",R,346,239,117K
Fanboys (2009),6.6,Awards,3 nominations,Judd Apatow,"$961,203",R,346,239,117K
Fast & Furious (2009),6.6,Awards,6 wins & 2 nominations,Justin Lin,"$360,366,870",PG-13,299,258,277K
Fish Tank (2009),7.3,Awards,21 wins & 29 nominations total,Andrea Arnold,"$2,404,300",Not Rated,134,177,61K
Friends with Benefits (2011),6.5,Awards,1 win & 5 nominations,Will Gluck,"$149,542,245",R,263,243,354K
Final Destination 5 (2011),5.8,Awards,2 wins & 6 nominations,Steven Quale,"$157,887,643",R,302,293,112K
Flypaper (2011),6.4,Awards,2 wins & 6 nominations,Steven Quale,"$4,453,634",R,302,293,112K
"Good Morning, Vietnam (1987)",7.3,Nominated for 1 Oscar,7 wins & 4 nominations total,Barry Levinson,"$123,922,370",R,174,64,134K
Goodfellas (1990),8.7,Won 1 Oscar,44 wins & 38 nominations total,Martin Scorsese,"$46,963,277",R,1.4K,155,1.1M
Geronimo: An American Legend (1993),6.5,Nominated for 1 Oscar,1 win & 2 nominations total,Walter Hill,"$18,635,620",PG-13,62,27,11K
Grace of My Heart (1996),6.7,Awards,3 nominations,Allison Anders,"$660,313",R,47,34,3.8K
Good Will Hunting (1997),8.3,Won 2 Oscars,24 wins & 61 nominations total,Gus Van Sant,"$225,933,435",R,971,166,910K
Great Expectations (1998),6.8,Awards,1 win & 3 nominations,Alfonso Cuarón,"$55,494,066",R,212,85,53K
Gladiator (2000),8.5,Won 5 Oscars,59 wins & 106 nominations total,Ridley Scott,"$465,380,802",R,2.8K,221,1.4M
Girlfight (2000),6.7,Awards,15 wins & 18 nominations,Karyn Kusama,"$1,666,028",R,95,86,11K
Gangster No. 1 (2000),6.7,Awards,1 win & 9 nominations,Paul McGuigan,"$30,915",R,140,62,14K
Get Carter (2000),5.2,Awards,7 nominations,Stephen Kay,"$19,412,993",R,301,105,34K
Gone in Sixty Seconds (2000),6.5,Awards,9 wins & 6 nominations,Dominic Sena,"$237,202,299",PG-13,571,131,270K
Gossip (2000),5.9,Awards,3 nominations,Davis Guggenheim,"$12,591,270",R,115,67,16K
Ghosts of Mars (2001),4.9,Awards,2 nominations,John Carpenter,"$14,010,832",R,495,103,53K
Ghost World (2001),7.3,Nominated for 1 Oscar,28 wins & 56 nominations total,Terry Zwigoff,"$8,764,007",R,530,147,118K
Glitter (2001),2.3,Awards,3 wins & 10 nominations,Vondie Curtis-Hall,2.39 : 1,PG-13,332,75,23K
Gangs of New York (2002),7.5,Nominated for 10 Oscars,50 wins & 135 nominations total,Martin Scorsese,"$193,772,504",R,1.2K,224,424K
Gothika (2003),5.8,Awards,3 wins & 7 nominations,Mathieu Kassovitz,"$141,591,324",R,418,214,111K
Grilled (2006),5.2,Awards,3 wins & 7 nominations,Mathieu Kassovitz,"$46,663",R,418,214,111K
Ghost Town (2008),6.7,Awards,3 wins & 2 nominations,David Koepp,"$27,090,159",PG-13,189,212,72K
Ghosts of Girlfriends Past (2009),5.8,Awards,1 win,Mark Waters,"$102,366,815",PG-13,147,156,88K
G.I. Joe: The Rise of Cobra (2009),5.8,Awards,3 wins & 16 nominations,Stephen Sommers,"$302,469,017",PG-13,580,141,205K
Green Zone (2010),6.8,Awards,6 nominations,Paul Greengrass,"$154,711,438",R,306,271,135K
Grown Ups (2010),6.0,Awards,3 wins & 4 nominations,Dennis Dugan,"$271,457,301",PG-13,406,186,240K
Get Him to the Greek (2010),6.3,Awards,14 nominations,Nicholas Stoller,"$91,720,255",R,232,219,175K
Home Alone (1990),7.6,Nominated for 2 Oscars,11 wins & 6 nominations total,Chris Columbus,"$476,684,675",PG,527,105,517K
Hook (1991),6.8,Nominated for 5 Oscars,7 wins & 22 nominations total,Steven Spielberg,"$300,854,823",PG,457,96,245K
Home Alone 2: Lost in New York (1992),6.8,Awards,3 wins & 3 nominations,Chris Columbus,"$358,994,850",PG,304,68,327K
Higher Learning (1995),6.5,Awards,1 win & 1 nomination,John Singleton,"$38,290,723",R,133,35,19K
Heat (1995),8.2,Awards,14 nominations,Michael Mann,"$187,436,818",R,1.2K,225,615K
Half Baked (1998),6.7,Awards,14 nominations,Michael Mann,"$17,460,020",R,1.2K,225,615K
Here on Earth (2000),5.2,Awards,2 nominations,Mark Piznarski,"$10,873,148",PG-13,162,46,8.5K
Hollow Man (2000),5.8,Nominated for 1 Oscar,7 wins & 14 nominations total,Paul Verhoeven,"$190,213,455",R,676,190,128K
Hannibal (2001),6.8,Awards,9 wins & 25 nominations,Ridley Scott,"$351,692,268",R,1.4K,280,265K
Hard Ball (2001),6.4,Awards,2 nominations,Brian Robbins,"$44,102,389",R,140,81,30K
Harry Potter and the Sorcerer's Stone (2001),7.6,Nominated for 3 Oscars,17 wins & 68 nominations total,Chris Columbus,"$1,012,484,430",PG,1.8K,278,712K
Heartbreakers (2001),6.2,Awards,4 nominations,David Mirkin,"$57,756,408",PG-13,233,98,53K
Hearts in Atlantis (2001),6.9,Awards,2 wins & 8 nominations,Scott Hicks,"$30,919,415",PG-13,299,112,38K
Heist (2001),6.5,Awards,2 wins & 8 nominations,Scott Hicks,"$28,510,652",PG-13,299,112,38K
How High (2001),6.3,Awards,2 wins & 8 nominations,Scott Hicks,"$31,283,740",PG-13,299,112,38K
How to Lose a Guy in 10 Days (2003),6.4,Awards,1 win & 8 nominations,Donald Petrie,"$177,502,387",PG-13,407,122,225K
Hitch (2005),6.6,Awards,4 wins & 24 nominations,Andy Tennant,2.39 : 1,PG-13,424,164,307K
Havoc (2005),5.5,Awards,1 win & 4 nominations,Barbara Kopple,"$371,000",R,160,31,19K
Harold & Kumar Escape from Guantanamo Bay (2008),6.6,Awards,1 win & 1 nomination,Jon Hurwitz,"$43,495,888",R,186,151,135K
Horton Hears a Who! (2008),6.8,Awards,1 win & 18 nominations,Jimmy Hayward,"$298,572,799",G,178,191,135K
How Do You Know (2010),5.4,Awards,3 nominations,James L. Brooks,"$48,668,907",PG-13,314,161,49K
Harry Potter and the Deathly Hallows: Part 1 (2010),7.7,Nominated for 2 Oscars,15 wins & 55 nominations total,David Yates,"$977,043,483",PG-13,740,449,509K
Knockaround Guys (2001),6.1,Awards,2 nominations,Brian Koppelman,"$12,806,614",R,144,59,24K
Hereafter (2010),6.4,Nominated for 1 Oscar,4 wins & 15 nominations total,Clint Eastwood,"$106,956,330",PG-13,362,330,92K
How to Train Your Dragon (2010),8.1,Nominated for 2 Oscars,25 wins & 63 nominations total,Dean DeBlois,"$494,879,471",PG,677,194,700K
Harry Potter and the Deathly Hallows: Part 2 (2011),8.1,Nominated for 3 Oscars,46 wins & 94 nominations total,David Yates,"$1,342,321,665",PG-13,1K,491,812K
Horrible Bosses (2011),6.8,Awards,3 wins & 13 nominations,Seth Gordon,"$209,838,559",R,469,351,435K
Inventing the Abbotts (1997),6.4,Awards,3 wins & 13 nominations,Seth Gordon,"$5,936,344",R,469,351,435K
I Am Sam (2001),7.6,Nominated for 1 Oscar,8 wins & 12 nominations total,Jessie Nelson,"$97,818,139",PG-13,488,119,147K
In the Bedroom (2001),7.4,Nominated for 5 Oscars,39 wins & 75 nominations total,Todd Field,"$44,763,181",R,523,174,40K
Igby Goes Down (2002),6.9,Awards,7 wins & 17 nominations,Burr Steers,"$6,919,198",R,235,133,33K
Invincible (2006),7.1,Awards,2 nominations,Ericson Core,"$58,480,828",PG,165,117,69K
In the Valley of Elah (2007),7.1,Nominated for 1 Oscar,3 wins & 22 nominations total,Paul Haggis,"$29,541,790",R,256,239,72K
I Now Pronounce You Chuck & Larry (2007),5.9,Awards,14 nominations,Dennis Dugan,"$187,134,117",PG-13,277,177,145K
Into the Wild (2007),8.1,Nominated for 2 Oscars,23 wins & 106 nominations total,Sean Penn,2.35 : 1,R,1K,250,599K
Invictus (2009),7.3,Nominated for 2 Oscars,12 wins & 38 nominations total,Clint Eastwood,"$122,426,792",PG-13,320,309,156K
Inception (2010),8.8,Won 4 Oscars,157 wins & 220 nominations total,Christopher Nolan,"$836,836,967",PG-13,4.4K,485,2.2M
It's Kind of a Funny Story (2010),7.1,Awards,2 nominations,Anna Boden,"$6,491,240",PG-13,210,160,141K
In Time (2011),6.7,Awards,2 nominations,Andrew Niccol,"$173,930,596",PG-13,612,377,392K
Immortals (2011),6.0,Awards,1 win & 6 nominations,Tarsem Singh,"$226,904,017",R,457,301,165K
Johnny Handsome (1989),6.1,Awards,3 nominations,Walter Hill,"$7,237,794",R,51,33,9.6K
Jackie Brown (1997),7.5,Nominated for 1 Oscar,8 wins & 24 nominations total,Quentin Tarantino,"$39,673,807",R,594,177,334K
King of the Hill (TV Series 1997–2010),7.3,Won 2 Primetime Emmys,13 wins & 56 nominations total,Greg Daniels,TV-PG,TV-PG,157,18,49K
Jay and Silent Bob Strike Back (2001),6.8,Awards,1 win & 3 nominations,Kevin Smith,"$33,788,161",R,879,174,152K
Jeepers Creepers (2001),6.2,Awards,5 wins & 7 nominations,Victor Salva,"$59,371,303",R,1K,211,121K
Joe Dirt (2001),6.0,Awards,1 win & 3 nominations,Dennie Gordon,"$30,987,695",PG-13,213,63,55K
Jurassic Park III (2001),5.9,Awards,5 wins & 16 nominations,Joe Johnston,"Jul 22, 2001",PG-13,1.3K,234,307K
Jersey Girl (2004),6.2,Awards,2 wins & 8 nominations,Kevin Smith,"$35,492,921",PG-13,372,124,65K
Juno (2007),7.4,Won 1 Oscar,89 wins & 100 nominations total,Jason Reitman,"$232,372,681",PG-13,968,390,506K
Kazaam (1996),3.0,Awards,2 nominations,Paul Michael Glaser,"$18,937,262",PG,111,23,24K
Keeping the Faith (2000),6.4,Awards,2 wins & 6 nominations,Edward Norton,"$59,945,183",PG-13,266,121,51K
Kate & Leopold (2001),6.4,Nominated for 1 Oscar,1 win & 5 nominations total,James Mangold,"$76,019,048",PG-13,352,116,82K
Kiss of the Dragon (2001),6.6,Awards,2 nominations,Chris Nahon,"$64,437,847",R,268,120,63K
Knocked Up (2007),6.9,Awards,8 wins & 26 nominations,Judd Apatow,"$219,922,417",R,607,253,361K
Killshot (2008),6.0,Awards,8 wins & 26 nominations,Judd Apatow,"$2,961,647",R,607,253,361K
Kung Fu Panda (2008),7.6,Nominated for 1 Oscar,14 wins & 39 nominations total,Mark Osborne,"$631,746,197",PG,483,278,442K
Kill the Irishman (2011),7.1,Awards,1 nomination,Jonathan Hensleigh,"$1,188,194",R,110,87,48K
Lenny (1974),7.6,Nominated for 6 Oscars,7 wins & 16 nominations total,Bob Fosse,"$352,753",R,70,65,16K
Losing Isaiah (1995),6.5,Awards,1 nomination,Stephen Gyllenhaal,"$7,603,766",R,42,15,5.9K
Little Nicky (2000),5.3,Awards,1 win & 12 nominations,Steven Brill,"$58,292,295",PG-13,281,84,102K
Loser (2000),5.3,Awards,1 nomination,Amy Heckerling,"$18,404,706",PG-13,171,88,29K
Lara Croft: Tomb Raider (2001),5.8,Awards,4 wins & 21 nominations,Simon West,"$274,703,340",PG-13,871,203,205K
Legally Blonde (2001),6.4,Awards,6 wins & 14 nominations,Robert Luketic,"$141,774,679",PG-13,639,144,203K
A Series of Unfortunate Events (2004),6.8,Won 1 Oscar,10 wins & 28 nominations total,Brad Silberling,"$211,468,235",PG,650,180,203K
Ladder 49 (2004),6.5,Awards,1 win & 7 nominations,Jay Russell,"$100,572,044",PG-13,330,106,57K
Lucky You (2007),5.9,Awards,2 nominations,Curtis Hanson,"$8,461,686",PG-13,64,93,20K
Lottery Ticket (2010),5.1,Awards,2 nominations,Curtis Hanson,"$24,719,879",PG-13,64,93,20K
Little Fockers (2010),5.5,Awards,3 wins & 5 nominations,Paul Weitz,"$310,650,585",PG-13,175,181,110K
Limitless (2011),7.4,Awards,2 wins & 8 nominations,Neil Burger,"$161,849,455",PG-13,527,396,549K
Midnight Cowboy (1969),7.8,Won 3 Oscars,28 wins & 16 nominations total,John Schlesinger,"$44,785,053",X,415,136,107K
Mean Streets (1973),7.2,Awards,5 wins & 5 nominations,Martin Scorsese,"$41,131",R,319,138,106K
Made in America (1993),5.1,Awards,1 win & 1 nomination,Richard Benjamin,"$104,942,695",PG-13,27,18,16K
Mr. Holland's Opus (1995),7.3,Nominated for 1 Oscar,5 wins & 5 nominations total,Stephen Herek,2.39 : 1,PG,184,41,38K
Mad Love (1995),5.4,Nominated for 1 Oscar,5 wins & 5 nominations total,Stephen Herek,"$15,453,274",PG,184,41,38K
Milk Money (1994),5.6,Awards,1 nomination,Richard Benjamin,"$18,137,661",PG-13,58,20,12K
Men in Black (1997),7.3,Won 1 Oscar,22 wins & 39 nominations total,Barry Sonnenfeld,"$589,390,539",PG-13,378,165,541K
Meet the Parents (2000),7.0,Nominated for 1 Oscar,7 wins & 15 nominations total,Jay Roach,"$330,444,045",PG-13,537,134,323K
Men of Honor (2000),7.2,Awards,11 nominations,George Tillman Jr.,"$82,343,495",R,260,79,113K
"Me, Myself & Irene (2000)",6.6,Awards,2 wins & 4 nominations,Bobby Farrelly,"$149,270,999",R,527,140,231K
Miss Congeniality (2000),6.3,Awards,7 wins & 8 nominations,Donald Petrie,"$212,742,720",PG-13,420,106,199K
Mission: Impossible II (2000),6.1,Awards,12 wins & 20 nominations,John Woo,"$546,388,108",PG-13,1.5K,238,328K
Monster's Ball (2001),7.0,Won 1 Oscar,15 wins & 23 nominations total,Marc Forster,"$45,011,434",PG-13,1.5K,238,328K
"Monsters, Inc. (2001)",8.1,Won 1 Oscar,15 wins & 38 nominations total,Pete Docter,"$579,707,738",G,745,248,859K
Made (2001),6.4,Awards,1 nomination,Jon Favreau,"$5,480,653",R,179,73,18K
Mulholland Dr. (2001),7.9,Nominated for 1 Oscar,49 wins & 61 nominations total,David Lynch,"$20,416,512",R,2K,253,341K
Men in Black II (2002),6.2,Awards,4 wins & 16 nominations,Barry Sonnenfeld,"Jul 7, 2002",PG-13,664,205,359K
Meet the Fockers (2004),6.3,Awards,2 wins & 7 nominations,Jay Roach,"$522,657,936",PG-13,450,132,263K
Mr. & Mrs. Smith (2005),6.5,Awards,9 wins & 18 nominations,Doug Liman,"$487,287,646",PG-13,862,223,472K
Monster House (2006),6.6,Nominated for 1 Oscar,4 wins & 23 nominations total,Gil Kenan,2.35 : 1,PG,301,182,111K
Mr. Woodcock (2007),5.1,Nominated for 1 Oscar,4 wins & 23 nominations total,Gil Kenan,"$33,683,200",PG,301,182,111K
Mr. Magorium's Wonder Emporium (2007),6.2,Awards,3 nominations,Zach Helm,2.35 : 1,G,156,149,45K
Music and Lyrics (2007),6.5,Awards,6 nominations,Marc Lawrence,"$145,896,422",PG-13,311,160,101K
Milk (2008),7.5,Won 2 Oscars,66 wins & 145 nominations total,Gus Van Sant,"$54,589,558",R,322,255,170K
Middle of Nowhere (2008),6.5,Awards,1 nomination,John Stockwell,Hiçbir yerin ortasında,R,16,18,3.8K
Mr. Nice (2010),6.4,Awards,2 wins,Bernard Rose,"$1,673,840",R,16,18,3.8K
Machete (2010),6.6,Awards,2 wins & 6 nominations,Ethan Maniquis,"$45,491,656",R,417,418,195K
Marmaduke (2010),4.3,Awards,3 nominations,Tom Dey,"$83,761,844",PG,69,100,15K
Megamind (2010),7.3,Awards,2 wins & 16 nominations,Tom McGrath,"$321,885,765",PG,295,244,244K
Moneyball (2011),7.6,Nominated for 6 Oscars,29 wins & 82 nominations total,Bennett Miller,"$110,206,216",PG-13,472,438,397K
Machine Gun Preacher (2011),6.8,Awards,2 nominations,Marc Forster,"$3,338,690",R,144,144,65K
Mr. Popper's Penguins (2011),6.0,Awards,1 win & 3 nominations,Mark Waters,"$187,361,754",PG,138,190,93K
Nowhere to Run (1993),5.7,Awards,1 nomination,Robert Harmon,"$22,189,039",R,76,40,23K
Natural Born Killers (1994),7.3,Awards,5 wins & 11 nominations,Oliver Stone,"$50,283,563",R,663,166,226K
North (1994),4.5,Awards,4 wins & 9 nominations,Rob Reiner,"$7,182,747",PG,125,24,14K
Never Been Kissed (1999),6.1,Awards,2 wins & 8 nominations,Raja Gosnell,2.39:1,PG-13,387,77,88K
Next Friday (2000),6.2,Awards,2 nominations,Steve Carr,"$59,827,328",R,93,17,39K
Nurse Betty (2000),6.2,Awards,5 wins & 14 nominations,Neil LaBute,2.39 : 1,R,265,143,35K
Not Another Teen Movie (2001),5.7,Awards,5 nominations,Joel Gallen,"$66,468,985",R,425,97,102K
Ned Kelly (2003),6.5,Awards,3 wins & 14 nominations,Gregor Jordan,"$6,585,516",R,148,22,27K
National Security (2003),5.6,Awards,3 wins & 14 nominations,Gregor Jordan,"$50,097,949",R,148,22,27K
Night at the Museum (2006),6.4,Awards,2 wins & 8 nominations,Shawn Levy,"$574,481,229",PG,494,174,330K
Night at the Museum: Battle of the Smithsonian (2009),6.0,Awards,2 wins & 9 nominations,Shawn Levy,"$413,106,170",PG,241,178,187K
New Year's Eve (2011),5.7,Awards,2 wins & 8 nominations,Garry Marshall,"$142,044,638",PG-13,177,207,84K
No Strings Attached (2011),6.2,Awards,2 wins & 7 nominations,Ivan Reitman,"$149,228,077",R,235,250,223K
Once Upon a Time in America (1984),8.3,Awards,12 wins & 12 nominations total,Sergio Leone,"$5,473,337",R,763,138,333K
Of Mice and Men (1992),7.5,Awards,1 nomination,Gary Sinise,"$5,471,088",PG-13,219,35,43K
Out of Sight (1998),7.0,Nominated for 2 Oscars,13 wins & 15 nominations total,Steven Soderbergh,"$77,745,966",R,351,157,90K
October Sky (1999),7.8,Awards,4 wins & 11 nominations,Joe Johnston,"$34,698,753",PG,396,98,88K
"O Brother, Where Art Thou? (2000)",7.7,Nominated for 2 Oscars,7 wins & 39 nominations total,Joel Coen,"$71,870,729",PG-13,948,108,300K
O (2001),6.1,Awards,2 nominations,Tim Blake Nelson,"$19,260,537",R,160,78,21K
One Night at McCool's (2001),6.1,Awards,2 nominations,Tim Blake Nelson,"$13,578,186",R,160,78,21K
Original Sin (2001),6.1,Awards,2 nominations,Michael Cristofer,"$35,402,320",R,196,84,56K
Osmosis Jones (2001),6.3,Awards,1 win & 8 nominations,Bobby Farrelly,"$14,026,418",PG,165,81,35K
Ocean's Eleven (2001),7.7,Awards,4 wins & 20 nominations,Steven Soderbergh,"$450,717,150",PG-13,989,125,544K
Old School (2003),7.1,Awards,5 nominations,Todd Phillips,"$87,135,520",R,429,89,224K
Open Range (2003),7.4,Awards,1 win & 5 nominations,Kevin Costner,"$68,296,293",R,546,152,70K
Once Upon a Time in Mexico (2003),6.4,Awards,3 wins & 6 nominations,Robert Rodriguez,"Sep 14, 2003",R,486,162,158K
Ocean's Twelve (2004),6.5,Awards,4 wins & 10 nominations,Steven Soderbergh,"$362,744,280",PG-13,715,210,375K
Ocean's Thirteen (2007),6.9,Awards,1 win & 5 nominations,Steven Soderbergh,"$311,312,624",PG-13,342,254,334K
Observe and Report (2009),5.8,Awards,1 win & 4 nominations,Jody Hill,"$26,973,554",R,287,197,62K
Our Family Wedding (2010),5.1,Awards,4 nominations,Rick Famuyiwa,"$21,409,028",PG-13,27,69,7.1K
Our Idiot Brother (2011),6.4,Awards,4 nominations,Rick Famuyiwa,"$25,804,448",PG-13,27,69,7.1K
Pretty Baby (1978),6.6,Nominated for 1 Oscar,2 wins & 6 nominations total,Louis Malle,"$5,786,368",R,86,34,10K
Platoon (1986),8.1,Won 4 Oscars,24 wins & 15 nominations total,Oliver Stone,"$138,545,632",R,648,144,398K
Poison Ivy (1992),5.4,Awards,2 nominations,Katt Shea,"$1,829,804",R,64,35,18K
Phenomenon (1996),6.4,Awards,7 wins & 8 nominations,Jon Turteltaub,"$152,036,382",PG,138,54,77K
Pay It Forward (2000),7.2,Awards,1 win & 4 nominations,Mimi Leder,"$55,707,411",PG-13,681,133,117K
Pitch Black (2000),7.1,Awards,2 wins & 9 nominations,David Twohy,"$53,187,659",R,854,145,233K
Planet of the Apes (2001),5.7,Awards,11 wins & 32 nominations total,Tim Burton,"$362,211,740",PG-13,1.4K,231,216K
Pearl Harbor (2001),6.2,Won 1 Oscar,14 wins & 51 nominations total,Michael Bay,"$449,220,945",PG-13,2K,168,322K
Pootie Tang (2001),5.3,Awards,1 nomination,Louis C.K.,"$3,313,583",PG-13,139,18,14K
Phone Booth (2002),7.0,Awards,1 win & 8 nominations,Joel Schumacher,"$97,837,138",R,684,195,260K
Panic Room (2002),6.8,Awards,1 win & 9 nominations,David Fincher,"$197,079,546",R,947,233,271K
Pirates of the Caribbean: The Curse of the Black Pearl (2003),8.0,Nominated for 5 Oscars,38 wins & 104 nominations total,Gore Verbinski,"$654,264,015",PG-13,2.2K,190,1.1M
Pirates of the Caribbean: Dead Man's Chest (2006),7.3,Won 1 Oscar,45 wins & 54 nominations total,Gore Verbinski,"$1,066,179,747",PG-13,1.9K,326,681K
Pirates of the Caribbean: At World's End (2007),7.1,Nominated for 2 Oscars,22 wins & 51 nominations total,Gore Verbinski,"$960,996,492",PG-13,1.3K,331,619K
Pineapple Express (2008),6.9,Awards,2 wins & 15 nominations,David Gordon Green,"$101,624,843",R,452,226,328K
Paul Blart: Mall Cop (2009),5.2,Awards,1 win & 3 nominations,Steve Carr,"$183,348,429",PG,258,167,107K
Public Enemies (2009),7.0,Awards,1 win & 14 nominations,Michael Mann,"$214,104,620",R,672,369,292K
Predators (2010),6.4,Awards,2 wins & 4 nominations,Nimród Antal,"$127,233,108",R,736,380,220K
Puncture (2011),6.8,Awards,2 wins,Adam Kassen,"$123,700",R,63,58,24K
Pirates of the Caribbean: On Stranger Tides (2011),6.6,Awards,3 wins & 31 nominations,Rob Marshall,"$1,045,713,802",PG-13,571,473,501K
Paul (2011),7.0,Awards,2 wins & 9 nominations,Greg Mottola,"$97,984,015",R,387,344,245K
Quills (2000),7.3,Nominated for 3 Oscars,18 wins & 45 nominations total,Philip Kaufman,"$17,989,227",R,315,102,53K
Raging Bull (1980),8.2,Won 2 Oscars,24 wins & 28 nominations total,Martin Scorsese,"$23,402,427",R,643,154,338K
Rain Man (1988),8.0,Won 4 Oscars,26 wins & 23 nominations total,Barry Levinson,"$354,825,435",R,489,102,493K
Rudy (1993),7.5,Awards,2 wins & 1 nomination,David Anspaugh,"$22,881,563",PG,203,41,61K
Rebound: The Legend of Earl 'The Goat' Manigault (TV Movie 1996),7.7,Awards,1 win & 3 nominations,Eriq La Salle,Más que un juego,R,13,4,2.9K
Romeo + Juliet (1996),6.7,Nominated for 1 Oscar,15 wins & 29 nominations total,Baz Luhrmann,"$147,554,998",PG-13,585,86,220K
Race the Sun (1996),5.4,Nominated for 1 Oscar,15 wins & 29 nominations total,Baz Luhrmann,"$1,945,552",PG-13,585,86,220K
Ronin (1998),7.3,Awards,1 win & 4 nominations,John Frankenheimer,"$41,616,262",R,647,147,179K
Rounders (1998),7.3,Awards,1 win & 1 nomination,John Dahl,"$22,912,409",R,328,110,147K
Ready to Rumble (2000),5.4,Awards,1 nomination,Brian Robbins,"$12,452,362",PG-13,109,58,14K
Remember the Titans (2000),7.8,Awards,8 wins & 18 nominations,Boaz Yakin,"$136,771,683",PG,471,133,207K
Requiem for a Dream (2000),8.3,Nominated for 1 Oscar,37 wins & 70 nominations total,Darren Aronofsky,"Oct 8, 2000",Unrated,2.2K,266,802K
Romeo Must Die (2000),6.1,Awards,2 wins & 7 nominations,Andrzej Bartkowiak,"$91,036,760",R,382,78,69K
Road Trip (2000),6.4,Awards,4 wins & 9 nominations,Todd Phillips,"$119,754,278",R,325,83,164K
Rules of Engagement (2000),6.4,Awards,1 win & 2 nominations,William Friedkin,"$71,732,303",R,292,60,46K
Rat Race (2001),6.4,Awards,3 nominations,Jerry Zucker,"$85,498,534",PG-13,536,96,113K
Riding in Cars with Boys (2001),6.5,Awards,2 wins & 2 nominations,Penny Marshall,"$35,743,308",PG-13,217,90,28K
Rush Hour 2 (2001),6.6,Awards,10 wins & 22 nominations,Brett Ratner,"$347,325,802",PG-13,426,138,210K
Rock Star (2001),6.3,Awards,1 nomination,Stephen Herek,"$19,334,145",R,207,99,42K
Red Dragon (2002),7.2,Awards,4 wins & 10 nominations,Brett Ratner,"$209,196,298",R,849,192,264K
Reign of Fire (2002),6.2,Awards,1 win & 3 nominations,Rob Bowman,"$82,150,183",PG-13,619,141,132K
Robots (2005),6.4,Awards,2 wins & 22 nominations,Chris Wedge,"$262,511,490",PG,315,147,140K
Righteous Kill (2008),6.0,Awards,1 win & 2 nominations,Jon Avnet,"$79,498,846",R,282,194,87K
Repo Men (2010),6.3,Awards,2 nominations,Miguel Sapochnik,"$18,409,891",R,216,195,105K
Red Dog (2011),7.4,Awards,12 wins & 15 nominations,Kriv Stenders,"$21,185,724",PG,106,57,18K
Rise of the Planet of the Apes (2011),7.5,Nominated for 1 Oscar,21 wins & 43 nominations total,Rupert Wyatt,"$481,800,873",PG-13,740,565,511K
Stanley & Iris (1990),6.4,Nominated for 1 Oscar,21 wins & 43 nominations total,Rupert Wyatt,"$5,820,015",PG-13,740,565,511K
Species (1995),5.8,Awards,3 wins & 8 nominations,Roger Donaldson,"$113,374,103",R,173,132,78K
Strange Days (1995),7.2,Awards,2 wins & 4 nominations,Kathryn Bigelow,"$7,959,291",R,266,111,70K
Sleepers (1996),7.6,Nominated for 1 Oscar,1 win & 5 nominations total,Barry Levinson,"$165,615,285",R,344,72,210K
Scream (1996),7.3,Awards,11 wins & 11 nominations,Wes Craven,"$173,046,663",R,1.1K,291,313K
Stepmom (1998),6.8,Awards,8 wins & 7 nominations,Chris Columbus,2.39 : 1,PG-13,281,55,65K
Saving Private Ryan (1998),8.6,Won 5 Oscars,79 wins & 75 nominations total,Steven Spielberg,"$482,349,603",R,2.7K,277,1.3M
Sphere (1998),6.1,Awards,3 nominations,Barry Levinson,2.39 : 1,PG-13,343,97,104K
Simon Birch (1998),6.9,Awards,3 wins & 3 nominations,Mark Steven Johnson,"$18,253,415",PG,229,46,21K
Stuart Little (1999),5.9,Nominated for 1 Oscar,7 wins & 14 nominations total,Rob Minkoff,"$300,135,367",PG,226,89,131K
Summer of Sam (1999),6.7,Awards,6 nominations,Spike Lee,"$19,288,130",R,367,92,38K
Sleepy Hollow (1999),7.3,Won 1 Oscar,28 wins & 44 nominations total,Tim Burton,"$206,071,502",R,1K,247,347K
She's All That (1999),5.9,Awards,8 wins & 5 nominations,Robert Iscove,"$103,166,989",PG-13,425,74,92K
Scary Movie (2000),6.2,Awards,7 wins & 6 nominations,Keenen Ivory Wayans,"$278,019,771",R,976,111,248K
Scream 3 (2000),5.6,Awards,6 wins & 5 nominations,Wes Craven,"$161,834,276",R,812,230,131K
Sexy Beast (2000),7.3,Nominated for 1 Oscar,21 wins & 21 nominations total,Jonathan Glazer,"$10,045,893",R,379,140,59K
Snatch (2000),8.3,Awards,4 wins & 7 nominations,Guy Ritchie,"$83,557,872",R,896,167,818K
Shaft (2000),6.0,Awards,1 win & 13 nominations,John Singleton,"$107,626,125",R,313,133,76K
Shanghai Noon (2000),6.6,Awards,1 win & 7 nominations,Tom Dey,2.39 : 1,PG-13,310,121,124K
Screwed (2000),5.7,Awards,1 win & 7 nominations,Tom Dey,"$7,201,701",PG-13,310,121,124K
Scary Movie (2000),6.2,Awards,7 wins & 6 nominations,Keenen Ivory Wayans,"$278,019,771",R,976,111,248K
Swordfish (2001),6.5,Awards,5 wins & 10 nominations,Dominic Sena,"$147,080,413",R,572,147,183K
Save the Last Dance (2001),6.2,Awards,6 wins & 8 nominations,Thomas Carter,"$131,706,809",PG-13,344,90,60K
Say It Isn't So (2001),5.0,Awards,1 nomination,J.B. Rogers,"$12,320,393",R,92,88,13K
Scary Movie 2 (2001),5.3,Awards,3 wins & 5 nominations,Keenen Ivory Wayans,"$141,220,678",R,580,136,157K
Shallow Hal (2001),5.9,Awards,3 nominations,Bobby Farrelly,"$141,069,860",PG-13,440,95,131K
Shrek (2001),7.9,Won 1 Oscar,40 wins & 60 nominations total,Andrew Adamson,"May 20, 2001",PG,1.1K,176,644K
Soul Survivors (2001),3.9,Won 1 Oscar,40 wins & 60 nominations total,Andrew Adamson,"$4,299,141",PG,1.1K,176,644K
Storytelling (2001),6.8,Awards,1 nomination,Todd Solondz,"Jan 27, 2002",R,129,95,18K
Summer Catch (2001),5.1,Awards,1 nomination,Michael Tollin,"$19,772,447",PG-13,114,53,16K
Super Troopers (2001),7.1,Awards,1 win,Jay Chandrasekhar,"$23,182,223",R,367,84,101K
Showtime (2002),5.5,Awards,1 win & 6 nominations,Tom Dey,"$77,885,672",PG-13,177,103,62K
Signs (2002),6.7,Awards,3 wins & 34 nominations,M. Night Shyamalan,"$408,247,917",PG-13,2.4K,217,351K
Stuck on You (2003),5.7,Awards,2 nominations,Bobby Farrelly,"$65,784,503",PG-13,155,129,52K
S.W.A.T. (2003),6.0,Awards,5 wins & 5 nominations,Clark Johnson,"$207,725,639",PG-13,363,132,144K
Seed of Chucky (2004),4.8,Awards,1 win & 6 nominations,Don Mancini,"$24,829,644",R,278,161,43K
Starsky & Hutch (2004),6.1,Awards,3 wins & 10 nominations,Todd Phillips,"$170,268,750",PG-13,338,171,144K
Secret Window (2004),6.5,Awards,3 nominations,David Koepp,"$92,913,171",PG-13,600,190,189K
Shall We Dance? (2004),6.1,Awards,7 nominations,Peter Chelsom,"$170,128,460",PG-13,233,74,46K
Shark Tale (2004),6.0,Nominated for 1 Oscar,3 wins & 16 nominations total,Bibo Bergeron,"$374,583,879",PG,351,132,176K
Sahara (2005),6.0,Awards,2 wins & 5 nominations,Breck Eisner,"$119,240,351",PG-13,517,158,96K
Step Up (2006),6.5,Awards,1 win & 3 nominations,Anne Fletcher,"$114,197,742",PG-13,288,100,115K
Stranger Than Fiction (2006),7.5,Awards,3 wins & 15 nominations,Marc Forster,"$53,653,224",PG-13,638,256,225K
Superman Returns (2006),6.0,Nominated for 1 Oscar,12 wins & 47 nominations total,Bryan Singer,"$391,081,192",PG-13,2.4K,358,277K
Superbad (2007),7.6,Awards,11 wins & 24 nominations,Greg Mottola,"$170,812,526",R,747,253,548K
Shooter (2007),7.2,Awards,2 nominations,Antoine Fuqua,"$95,696,996",R,417,205,323K
Stardust (2007),7.6,Awards,5 wins & 11 nominations,Matthew Vaughn,"$137,515,140",PG-13,605,236,265K
Shrek the Third (2007),6.1,Awards,5 wins & 17 nominations total,Chris Miller,"$813,367,380",PG,399,220,294K
Street Kings (2008),6.8,Awards,1 nomination,David Ayer,"$66,476,363",R,229,198,111K
"Surfer, Dude (2008)",4.7,Awards,1 nomination,David Ayer,"$52,132",R,229,198,111K
Strange Wilderness (2008),5.3,Awards,1 nomination,David Ayer,"$6,964,734",R,229,198,111K
Step Brothers (2008),6.9,Awards,3 wins & 2 nominations,Adam McKay,2.35 : 1,R,394,187,281K
Semi-Pro (2008),5.8,Awards,1 win & 4 nominations,Kent Alterman,"$44,004,502",R,143,165,81K
Sunshine Cleaning (2008),6.8,Awards,2 wins & 6 nominations,Christine Jeffs,"$16,580,250",R,150,177,71K
Splice (2009),5.7,Awards,4 wins & 23 nominations,Vincenzo Natali,"$27,127,620",R,435,381,96K
Sherlock Holmes (2009),7.6,Nominated for 2 Oscars,10 wins & 31 nominations total,Guy Ritchie,"$524,028,679",PG-13,740,427,608K
Solitary Man (2009),6.3,Awards,2 wins & 3 nominations,Brian Koppelman,"$5,682,554",R,67,118,16K
Scott Pilgrim vs. the World (2010),7.5,Awards,17 wins & 64 nominations,Edgar Wright,"$48,917,974",PG-13,797,433,406K
Stone (2010),5.4,Awards,17 wins & 64 nominations,Edgar Wright,"$10,300,416",PG-13,797,433,406K
Salt (2010),6.4,Nominated for 1 Oscar,4 wins & 16 nominations total,Phillip Noyce,"$293,503,354",PG-13,621,348,306K
Season of the Witch (2011),5.4,Awards,2 nominations,Dominic Sena,"$91,627,228",PG-13,272,292,93K
Sherlock Holmes: A Game of Shadows (2011),7.5,Awards,3 wins & 11 nominations,Guy Ritchie,"$543,848,418",PG-13,481,258,437K
Super 8 (2011),7.0,Awards,11 wins & 70 nominations,J.J. Abrams,2.35 : 1,PG-13,978,575,347K
Scream 4 (2011),6.2,Awards,1 win & 6 nominations,Wes Craven,"$97,231,420",R,610,441,136K
Setup (2011),4.4,Awards,1 win & 6 nominations,Wes Craven,"$2,140,476",R,610,441,136K
Straw Dogs (2011),5.8,Awards,2 nominations,Rod Lurie,"$11,168,712",R,163,197,34K
The Godfather (1972),9.2,Won 3 Oscars,31 wins & 30 nominations total,Francis Ford Coppola,"$246,120,986",R,4.7K,269,1.7M
The Godfather: Part II (1974),9.0,Won 6 Oscars,17 wins & 20 nominations total,Francis Ford Coppola,"$48,035,783",R,1.2K,190,1.2M
The Deer Hunter (1978),8.1,Won 5 Oscars,24 wins & 27 nominations total,Michael Cimino,"$49,074,379",R,1.1K,143,327K
The Witches of Eastwick (1987),6.6,Nominated for 2 Oscars,5 wins & 13 nominations total,George Miller,"$63,766,510",R,158,69,67K
The Untouchables (1987),7.9,Won 1 Oscar,11 wins & 16 nominations total,Brian De Palma,"$76,270,454",R,570,145,297K
The Naked Gun: From the Files of Police Squad! (1988),7.6,Awards,1 nomination,David Zucker,"$78,756,177",PG-13,244,102,162K
The Color of Money (1986),7.0,Won 1 Oscar,3 wins & 10 nominations total,Martin Scorsese,"$52,293,982",R,159,72,80K
Thelma & Louise (1991),7.5,Won 1 Oscar,25 wins & 50 nominations total,Ridley Scott,"$45,457,532",R,365,137,146K
The Last Boy Scout (1991),7.0,Awards,2 nominations,Tony Scott,"$59,509,925",R,189,73,98K
The Crying Game (1992),7.3,Won 1 Oscar,22 wins & 46 nominations total,Neil Jordan,"$62,548,947",R,187,59,54K
This Boy's Life (1993),7.3,Awards,2 wins & 2 nominations,Michael Caton-Jones,"$4,104,962",R,102,47,51K
The Program (1993),6.5,Awards,2 wins & 2 nominations,Michael Caton-Jones,"$23,032,565",R,102,47,51K
Tombstone (1993),7.8,Awards,2 nominations,George P. Cosmatos,"$56,505,065",R,560,88,138K
The Good Son (1993),6.4,Awards,1 win & 2 nominations,Joseph Ruben,"$60,613,008",R,175,55,40K
The Client (1994),6.8,Nominated for 1 Oscar,3 wins & 4 nominations total,Joel Schumacher,"$117,615,211",PG-13,125,55,64K
The Flintstones (1994),4.9,Awards,6 wins & 10 nominations,Brian Levant,"May 29, 1994",PG,125,50,79K
The Santa Clause (1994),6.5,Awards,2 wins & 8 nominations,John Pasquin,"$190,539,357",PG,164,87,106K
The Basketball Diaries (1995),7.3,Awards,2 wins & 8 nominations,John Pasquin,"$2,402,438",PG,164,87,106K
The Quick and the Dead (1995),6.5,Awards,1 nomination,Sam Raimi,"$18,636,537",R,283,81,90K
The Nutty Professor (1996),5.6,Won 1 Oscar,10 wins & 12 nominations total,Tom Shadyac,"$273,961,019",PG-13,138,52,115K
The Fan (1996),5.9,Awards,1 win & 3 nominations,Tony Scott,"$18,626,419",R,117,59,48K
The People vs. Larry Flynt (1996),7.3,Nominated for 2 Oscars,22 wins & 35 nominations total,Milos Forman,"$20,300,385",R,153,77,92K
Twister (1996),6.4,Nominated for 2 Oscars,11 wins & 17 nominations total,Jan de Bont,"$494,471,524",PG-13,480,135,188K
The Lost World: Jurassic Park (1997),6.6,Nominated for 1 Oscar,4 wins & 28 nominations total,Steven Spielberg,"May 25, 1997",PG-13,721,213,397K
Titanic (1997),7.8,Won 11 Oscars,125 wins & 83 nominations total,James Cameron,"$2,201,647,264",PG-13,3K,337,1.1M
The Borrowers (1997),5.9,Awards,1 win & 4 nominations total,Peter Hewitt,"$22,619,589",PG,49,46,22K
The Thin Red Line (1998),7.6,Nominated for 7 Oscars,21 wins & 47 nominations total,Terrence Malick,"$98,126,565",R,1.5K,183,182K
The Big Hit (1998),6.1,Nominated for 7 Oscars,21 wins & 47 nominations total,Terrence Malick,"$27,007,143",R,1.5K,183,182K
Twilight (1998),6.2,Nominated for 7 Oscars,21 wins & 47 nominations total,Terrence Malick,"$15,055,091",R,1.5K,183,182K
The Newton Boys (1998),6.1,Nominated for 7 Oscars,21 wins & 47 nominations total,Terrence Malick,"$10,452,012",R,1.5K,183,182K
The Man in the Iron Mask (1998),6.5,Awards,3 wins & 4 nominations,Randall Wallace,"$182,968,902",PG-13,280,91,162K
The Wedding Singer (1998),6.9,Awards,5 wins & 7 nominations,Frank Coraci,"$123,306,987",PG-13,382,99,143K
The Parent Trap (1998),6.6,Awards,2 wins & 7 nominations,Nancy Meyers,"$92,108,659",PG,315,62,129K
The Cider House Rules (1999),7.4,Won 2 Oscars,8 wins & 30 nominations total,Lasse Hallström,"$88,545,092",PG-13,437,121,96K
The Yards (2000),6.4,Awards,3 wins & 2 nominations,James Gray,"$924,036",R,141,82,21K
Three Kings (1999),7.1,Awards,8 wins & 19 nominations,David O. Russell,2.39 : 1,R,576,121,167K
The Corruptor (1999),6.1,Awards,1 nomination,James Foley,"$24,493,601",R,141,96,18K
Two Hands (1999),7.1,Awards,15 wins & 12 nominations,Gregor Jordan,Dôi Tay,R,116,8,12K
The Talented Mr. Ripley (1999),7.4,Nominated for 5 Oscars,10 wins & 81 nominations total,Anthony Minghella,"$128,799,509",R,779,181,199K
The Kid (2000),6.1,Awards,1 win & 3 nominations,Jon Turteltaub,"$110,317,580",PG,148,93,42K
The Original Kings of Comedy (2000),6.8,Awards,3 nominations,Spike Lee,"$38,182,790",R,85,55,5.7K
The Way of the Gun (2000),6.7,Awards,3 nominations,Spike Lee,"$13,200,972",R,85,55,5.7K
The Whole Nine Yards (2000),6.7,Awards,6 nominations,Jonathan Lynn,"$106,371,651",R,334,56,117K
The Replacements (2000),6.6,Awards,6 nominations,Jonathan Lynn,"$50,054,511",R,334,56,117K
The Skulls (2000),5.6,Awards,1 nomination,Rob Cohen,"$50,802,120",PG-13,197,91,32K
Tigerland (2000),7.0,Awards,2 wins & 5 nominations,Joel Schumacher,"$148,701",R,163,76,41K
Traffic (2000),7.6,Won 4 Oscars,74 wins & 87 nominations total,Steven Soderbergh,"$207,515,725",R,913,181,203K
Turn It Up (2000),4.2,Awards,1 nomination,Robert Adetuyi,"$1,247,949",R,9,24,1.3K
The Adventures of Rocky & Bullwinkle (2000),4.2,Awards,2 wins & 6 nominations,Des McAnuff,"$35,134,820",PG,204,54,20K
The Art of War (2000),5.7,Awards,11 nominations,Christian Duguay,"$40,400,425",R,179,97,30K
The Legend of Bagger Vance (2000),6.7,Awards,2 wins & 11 nominations,Robert Redford,"$39,459,427",PG-13,292,90,56K
The 6th Day (2000),5.9,Awards,8 nominations,Roger Spottiswoode,"$96,085,477",PG-13,329,149,120K
The Beach (2000),6.7,Awards,7 nominations,Danny Boyle,"$144,056,873",R,622,120,232K
The Patriot (2000),7.2,Nominated for 3 Oscars,9 wins & 20 nominations total,Roland Emmerich,"$215,294,342",R,1.2K,177,264K
The Brothers (2001),6.4,Awards,1 win & 8 nominations,Gary Hardwick,"$27,958,191",R,45,51,4.6K
The Fluffer (2001),5.7,Awards,1 win,Richard Glatzer,"$599,523",R,41,36,2.9K
The Last Castle (2001),7.0,Awards,1 win & 4 nominations,Rod Lurie,"$27,642,707",R,345,96,77K
The Lord of the Rings: The Fellowship of the Ring (2001),8.8,Won 4 Oscars,120 wins & 126 nominations total,Peter Jackson,"$897,690,072",PG-13,5.5K,201,1.7M
The Mummy Returns (2001),6.4,Awards,6 wins & 19 nominations,Stephen Sommers,"$443,280,904",PG-13,948,178,313K
The Musketeer (2001),4.8,Awards,1 nomination,Peter Hyams,"$32,533,802",PG-13,297,113,14K
The One (2001),5.9,Awards,4 nominations,James Wong,"$74,005,691",PG-13,312,101,91K
The Others (2001),7.6,Awards,29 wins & 55 nominations total,Alejandro Amenábar,"$209,947,037",PG-13,1.2K,167,354K
The Princess Diaries (2001),6.4,Awards,3 wins & 11 nominations,Garry Marshall,"$165,335,153",G,347,108,137K
The Royal Tenenbaums (2001),7.6,Nominated for 1 Oscar,11 wins & 46 nominations total,Wes Anderson,"$71,444,482",R,1K,232,280K
The Shipping News (2001),6.7,Awards,2 wins & 13 nominations total,Lasse Hallström,"$24,690,441",R,215,121,33K
The Wash (2001),4.8,Awards,2 wins & 13 nominations total,Lasse Hallström,"$10,229,331",R,215,121,33K
Thir13en Ghosts (2001),5.6,Awards,1 win & 4 nominations,Steve Beck,"Oct 28, 2001",R,529,144,85K
Tomcats (2001),5.4,Awards,2 nominations,Gregory Poirier,"$23,430,766",R,129,77,18K
Das Experiment (2001),7.7,Awards,14 wins & 14 nominations,Oliver Hirschbiegel,"$13,782,896",R,182,115,93K
Training Day (2001),7.7,Won 1 Oscar,18 wins & 23 nominations total,Antoine Fuqua,"$104,876,233",R,757,125,413K
The Majestic (2001),6.9,Awards,3 wins & 1 nomination,Frank Darabont,"$37,317,673",PG,397,111,54K
The Wedding Planner (2001),5.3,Awards,2 wins & 6 nominations,Adam Shankman,"$94,728,529",PG-13,244,111,79K
The Fast and the Furious (2001),6.8,Awards,11 wins & 18 nominations,Rob Cohen,"$207,305,509",PG-13,1.1K,131,370K
The Parole Officer (2001),6.4,Awards,2 nominations total,John Duigan,"$4,424,253",R,69,28,6.8K
The Pianist (2002),8.5,Won 3 Oscars,57 wins & 74 nominations total,Roman Polanski,"$120,072,577",R,1K,136,780K
The Adventures of Pluto Nash (2002),3.8,Awards,1 win & 12 nominations,Ron Underwood,"$7,103,973",PG-13,199,63,25K
The Banger Sisters (2002),5.7,Awards,1 win & 1 nomination,Bob Dolman,"$38,068,353",R,152,94,16K
The Bourne Identity (2002),7.9,Awards,3 wins & 6 nominations,Doug Liman,"$214,034,224",PG-13,961,255,528K
The Santa Clause 2 (2002),5.7,Awards,1 win & 3 nominations,Michael Lembeck,"$172,855,065",G,137,87,54K
The Four Feathers (2002),6.5,Awards,1 win & 3 nominations,Michael Lembeck,"$29,882,645",G,137,87,54K
The Italian Job (2003),7.0,Awards,7 wins & 9 nominations,F. Gary Gray,"$176,070,171",PG-13,562,173,355K
The League of Extraordinary Gentlemen (2003),5.8,Awards,12 nominations,Stephen Norrington,"$179,265,204",PG-13,852,201,173K
The Village (2004),6.5,Nominated for 1 Oscar,4 wins & 24 nominations total,M. Night Shyamalan,"$256,697,520",PG-13,2.1K,292,253K
Torque (2004),4.1,Awards,4 nominations,Joseph Kahn,"$46,546,197",PG-13,226,91,28K
The Bourne Supremacy (2004),7.7,Awards,5 wins & 22 nominations,Paul Greengrass,"$290,835,269",PG-13,886,251,449K
The Aviator (2004),7.5,Won 5 Oscars,85 wins & 131 nominations total,Martin Scorsese,"$213,719,942",PG-13,879,267,349K
The 40 Year Old Virgin (2005),7.1,Awards,10 wins & 19 nominations,Judd Apatow,"$177,378,645",R,624,190,417K
Fever Pitch (2005),6.2,Awards,9 nominations,Bobby Farrelly,"$50,605,163",PG-13,220,111,44K
Their Eyes Were Watching God (TV Movie 2005),6.5,Nominated for 2 Primetime Emmys,2 wins & 24 nominations total,Darnell Martin,Sueños de libertad,TV-14,84,6,2.8K
The Brothers Grimm (2005),5.9,Awards,4 wins & 5 nominations,Terry Gilliam,"$105,316,267",PG-13,518,243,119K
The Break-Up (2006),5.8,Awards,3 wins & 5 nominations,Peyton Reed,"$205,668,210",PG-13,533,175,130K
The Illusionist (2006),7.6,Nominated for 1 Oscar,11 wins & 12 nominations total,Neil Burger,"$87,892,388",PG-13,716,225,364K
The Departed (2006),8.5,Won 4 Oscars,97 wins & 141 nominations total,Martin Scorsese,"$291,465,373",R,2.4K,306,1.3M
The Last King of Scotland (2006),7.7,Won 1 Oscar,49 wins & 32 nominations total,Kevin Macdonald,"$48,618,191",R,384,244,182K
The Nanny Diaries (2007),6.2,Awards,1 win & 2 nominations,Shari Springer Berman,"$47,817,020",PG-13,94,97,58K
The Bourne Ultimatum (2007),8.0,Won 3 Oscars,29 wins & 42 nominations total,Paul Greengrass,"$444,100,035",PG-13,928,336,619K
The Simpsons Movie (2007),7.3,Awards,5 wins & 34 nominations total,David Silverman,"$536,414,293",PG-13,882,298,320K
The Brothers Bloom (2008),6.8,Awards,3 nominations,Rian Johnson,"$5,530,764",PG-13,133,187,50K
The Happening (2008),5.0,Awards,3 wins & 10 nominations,M. Night Shyamalan,"$163,403,799",R,1.4K,358,202K
The Incredible Hulk (2008),6.6,Awards,1 win & 10 nominations,Louis Leterrier,"$264,770,996",PG-13,879,405,461K
Tropic Thunder (2008),7.0,Nominated for 1 Oscar,10 wins & 47 nominations total,Ben Stiller,"$195,702,963",R,692,332,397K
The House Bunny (2008),5.5,Awards,2 nominations,Fred Wolf,"$70,439,696",PG-13,163,133,82K
The Spiderwick Chronicles (2008),6.5,Awards,2 wins & 8 nominations,Mark Waters,"$164,170,327",PG,160,189,93K
The Tale of Despereaux (2008),6.1,Awards,1 win & 8 nominations,Sam Fell,2.35 : 1,G,112,116,37K
The Dark Knight (2008),9.0,Won 2 Oscars,159 wins & 163 nominations total,Christopher Nolan,"$1,005,973,645",PG-13,7.7K,433,2.4M
The Hangover (2009),7.7,Awards,13 wins & 25 nominations total,Todd Phillips,"$469,310,836",R,784,351,749K
The Imaginarium of Doctor Parnassus (2009),6.8,Nominated for 2 Oscars,5 wins & 23 nominations total,Terry Gilliam,"$61,808,775",PG-13,262,291,147K
The Lovely Bones (2009),6.7,Nominated for 1 Oscar,10 wins & 46 nominations total,Peter Jackson,"$93,621,340",PG-13,744,318,165K
The Invention of Lying (2009),6.4,Awards,1 nomination,Ricky Gervais,"$32,406,507",PG-13,410,200,136K
The Men Who Stare at Goats (2009),6.2,Awards,1 win & 1 nomination,Grant Heslov,"$69,095,771",R,306,267,130K
Tucker and Dale vs Evil (2010),7.5,Awards,10 wins & 14 nominations,Eli Craig,"$5,224,938",R,340,349,173K
Tracker (2010),6.5,Awards,1 nomination,Ian Sharp,"$54,437",R,32,11,3.9K
The Losers (2010),6.3,Awards,1 win & 7 nominations,Sylvain White,"$29,397,654",PG-13,269,177,98K
The Fighter (2010),7.8,Won 2 Oscars,73 wins & 124 nominations total,David O. Russell,"$129,190,869",R,479,420,354K
The Other Guys (2010),6.7,Awards,3 wins & 15 nominations,Adam McKay,"$170,458,922",PG-13,439,284,255K
The A-Team (2010),6.7,Awards,2 wins & 4 nominations,Joe Carnahan,"$177,238,796",PG-13,430,331,253K
Tower Heist (2011),6.2,Awards,3 nominations,Brett Ratner,"$152,930,623",PG-13,243,242,139K
The King's Speech (2010),8.0,Won 4 Oscars,108 wins & 206 nominations total,Tom Hooper,"$427,374,317",R,792,487,660K
What's the Worst That Could Happen? (2001),5.5,Won 4 Oscars,108 wins & 206 nominations total,Tom Hooper,"$38,464,131",R,792,487,660K
The Next Three Days (2010),7.3,Awards,3 nominations,Paul Haggis,"$67,448,651",PG-13,396,242,193K
True Grit (2010),7.6,Nominated for 10 Oscars,38 wins & 169 nominations total,Ethan Coen,"$252,276,927",PG-13,842,532,326K
The Green Hornet (2011),5.8,Awards,4 wins & 7 nominations,Michel Gondry,"$227,817,248",PG-13,495,457,159K
Transformers: Dark of the Moon (2011),6.2,Nominated for 3 Oscars,10 wins & 42 nominations total,Michael Bay,"$1,123,794,079",PG-13,971,440,396K
Thor (2011),7.0,Awards,5 wins & 30 nominations,Kenneth Branagh,"$449,326,618",PG-13,989,575,792K
Take Me Home Tonight (2011),6.3,Awards,1 nomination,Michael Dowse,"$7,550,073",R,106,141,53K
The Guard (2011),7.3,Awards,17 wins & 29 nominations total,John Michael McDonagh,"$19,561,904",R,165,272,84K
The Beaver (2011),6.6,Awards,2 wins & 12 nominations,Jodie Foster,"$7,294,800",PG-13,169,290,49K
The Hangover Part II (2011),6.5,Awards,5 wins & 18 nominations,Todd Phillips,"$586,764,305",R,456,393,481K
The Help (2011),8.0,Won 1 Oscar,79 wins & 121 nominations total,Tate Taylor,"$216,639,112",PG-13,622,303,442K
Texas Killing Fields (2011),5.7,Awards,4 wins & 3 nominations,Ami Canaan Mann,"$1,271,319",R,102,119,20K
The Cup (2011),5.6,Awards,4 wins & 3 nominations,Ami Canaan Mann,"A$15,000,000 (estimated)",R,102,119,20K
The Inbetweeners Movie (2011),6.7,Awards,2 wins & 4 nominations,Ben Palmer,"$88,823,111",R,138,107,81K
The Adjustment Bureau (2011),7.0,Awards,1 win & 9 nominations,George Nolfi,"$127,869,379",PG-13,507,428,252K
The Dilemma (2011),5.3,Awards,1 nomination,Ron Howard,"$69,721,966",PG-13,152,190,53K
The Son of No One (2011),5.1,Awards,1 nomination,Dito Montiel,"$1,091,132",R,54,60,17K
U Turn (1997),6.7,Awards,1 win & 2 nominations,Oliver Stone,"$6,682,098",R,237,106,51K
Unbreakable (2000),7.3,Awards,2 wins & 15 nominations,M. Night Shyamalan,"$248,118,121",PG-13,1.5K,307,404K
Undercover Brother (2002),5.9,Awards,1 win & 7 nominations,Malcolm D. Lee,"$41,604,473",PG-13,197,75,34K
Unstoppable (2010),6.8,Nominated for 1 Oscar,1 win & 14 nominations total,Tony Scott,"$167,805,466",PG-13,413,328,192K
Vanilla Sky (2001),6.9,Nominated for 1 Oscar,5 wins & 34 nominations total,Cameron Crowe,"$203,388,341",R,1.3K,150,257K
White Palace (1990),6.5,Awards,1 win & 1 nomination,Luis Mandoki,"$17,487,531",R,55,29,8K
Wayne's World (1992),7.0,Awards,4 wins & 5 nominations,Penelope Spheeris,"$183,097,323",PG-13,207,76,151K
Wayne's World 2 (1993),6.2,Awards,3 nominations,Stephen Surjik,"$48,198,019",PG-13,97,46,80K
What's Eating Gilbert Grape (1993),7.7,Nominated for 1 Oscar,8 wins & 7 nominations total,Lasse Hallström,"$10,032,765",PG-13,389,95,227K
What Women Want (2000),6.4,Awards,5 wins & 9 nominations,Nancy Meyers,"$374,111,707",PG-13,434,123,202K
Wonderland (2003),6.6,Awards,3 nominations,James Cox,"$2,466,444",R,166,90,22K
Welcome to Mooseport (2004),5.2,Awards,3 nominations,James Cox,"$14,615,099",R,166,90,22K
Win a Date with Tad Hamilton! (2004),5.6,Awards,8 nominations,Robert Luketic,"$21,513,434",PG-13,155,84,27K
War of the Worlds (2005),6.5,Nominated for 3 Oscars,16 wins & 49 nominations total,Steven Spielberg,"$603,873,119",PG-13,2.9K,404,432K
Wedding Crashers (2005),6.9,Awards,11 wins & 11 nominations,David Dobkin,"$288,467,645",R,689,186,344K
Walk the Line (2005),7.8,Won 1 Oscar,44 wins & 48 nominations total,James Mangold,"$186,797,986",PG-13,923,274,243K
We Are Marshall (2006),7.1,Awards,1 nomination,McG,"$43,545,364",PG,190,81,60K
We Own the Night (2007),6.8,Awards,2 wins & 7 nominations,James Gray,"$55,033,767",R,223,217,87K
Walk Hard: The Dewey Cox Story (2007),6.8,Awards,1 win & 6 nominations,Jake Kasdan,"$20,576,198",R,240,172,70K
Women in Trouble (2009),5.7,Awards,1 win & 6 nominations,Jake Kasdan,"$18,000",R,240,172,70K
Whip It (2009),6.9,Awards,8 nominations,Drew Barrymore,2.35 : 1,PG-13,139,200,66K
White Irish Drinkers (2010),6.8,Awards,3 wins & 3 nominations,John Gray,"$31,056",R,33,26,1.8K
Warrior (2011),8.1,Nominated for 1 Oscar,5 wins & 22 nominations total,Gavin O'Connor,"$23,308,615",PG-13,760,348,453K
Water for Elephants (2011),6.9,Awards,3 wins & 13 nominations,Francis Lawrence,"$117,094,902",PG-13,298,279,114K
X-Men (2000),7.4,Awards,13 wins & 26 nominations,Bryan Singer,"$296,339,528",PG-13,1.4K,322,592K
xXx (2002),5.9,Awards,4 wins & 14 nominations,Rob Cohen,"$277,448,382",PG-13,757,180,177K
X2 (2003),7.4,Awards,6 wins & 41 nominations,Bryan Singer,"$407,711,549",PG-13,1.1K,170,531K
xXx: State of the Union (2005),4.5,Awards,1 nomination,Lee Tamahori,"$71,022,693",PG-13,240,53,69K
X-Men: The Last Stand (2006),6.7,Awards,7 wins & 40 nominations,Brett Ratner,"$460,435,291",PG-13,1.9K,353,499K
Youngblood (1986),6.2,Awards,1 win,Peter Markle,"$15,448,384",R,57,36,14K
"You, Me and Dupree (2006)",5.6,Awards,3 wins & 2 nominations,Anthony Russo,"$130,628,903",PG-13,202,141,80K
You Don't Mess with the Zohan (2008),5.5,Awards,2 wins & 2 nominations,Dennis Dugan,"$204,313,400",PG-13,454,206,197K
Youth in Revolt (2009),6.4,Awards,1 win & 1 nomination,Miguel Arteta,"$19,651,093",R,110,189,74K
Year One (2009),4.9,Awards,1 nomination,Harold Ramis,"$62,357,900",PG-13,279,174,96K
Your Highness (2011),5.5,Awards,1 win & 3 nominations,David Gordon Green,"$28,013,733",R,330,212,100K
Zoolander (2001),6.5,Awards,1 win & 11 nominations,Ben Stiller,2.39 : 1,PG-13,559,133,256K
Zack and Miri Make a Porno (2008),6.5,Awards,2 wins & 4 nominations,Kevin Smith,"$42,784,344",R,269,252,176K
Zombieland (2009),7.6,Awards,10 wins & 29 nominations,Ruben Fleischer,"$102,392,080",R,754,496,547K
Zookeeper (2011),5.2,Awards,1 win & 2 nominations,Frank Coraci,"$169,852,759",PG,151,185,60K
200 Cigarettes (1999),6.0,Awards,2 nominations,Risa Bramon Garcia,"$6,852,450",R,183,72,15K
10 Things I Hate About You (1999),7.3,Awards,2 wins & 13 nominations,Gil Junger,"$53,478,579",PG-13,669,119,318K
25th Hour (2002),7.6,Awards,4 wins & 17 nominations,Spike Lee,"$23,932,055",R,488,193,175K
50 First Dates (2004),6.8,Awards,6 wins & 10 nominations,Peter Segal,"$198,520,934",PG-13,557,140,341K
21 (2008),6.8,Awards,1 win & 5 nominations,Robert Luketic,"$159,808,370",PG-13,333,155,240K
(500) Days of Summer (2009),7.7,Awards,17 wins & 58 nominations,Marc Webb,"$60,800,444",PG-13,690,354,492K
30 Minutes or Less (2011),6.1,Awards,17 wins & 58 nominations,Marc Webb,"$40,662,632",PG-13,690,354,492K
3000 Miles to Graceland (2001),6.0,Awards,13 nominations,Demian Lichtenstein,"$18,720,175",R,427,116,46K
2 Fast 2 Furious (2003),5.9,Awards,4 wins & 13 nominations,John Singleton,"$236,350,661",PG-13,456,122,265K
Boat Trip (2002),4.9,Awards,1 win & 8 nominations,Mort Nathan,"$15,020,293",R,138,58,31K
The Cooler (2003),6.9,Nominated for 1 Oscar,9 wins & 26 nominations total,Wayne Kramer,"$10,464,788",R,226,131,34K
Daddy Day Care (2003),5.6,Awards,1 win & 6 nominations,Steve Carr,"$164,433,867",PG,150,85,67K
Daredevil (2003),5.3,Awards,5 wins & 17 nominations,Mark Steven Johnson,"$179,179,718",PG-13,1K,295,214K
Dark Blue (2002),6.6,Awards,4 nominations,Ron Shelton,"$12,150,301",R,133,75,22K
Devil's Pond (2003),5.4,Awards,4 nominations,Ron Shelton,"$5,000,000 (estimated)",R,133,75,22K
Dickie Roberts: Former Child Star (2003),5.6,Awards,2 nominations,Sam Weisman,"$23,769,505",PG-13,122,70,14K
Dreamcatcher (2003),5.5,Awards,5 nominations,Lawrence Kasdan,"$81,240,406",R,716,189,91K
Duplex (2003),5.9,Awards,2 nominations,Danny DeVito,"$19,322,135",PG-13,162,58,57K
Elf (2003),7.0,Awards,2 wins & 7 nominations,Jon Favreau,"Nov 9, 2003",PG,574,131,242K
The Fighting Temptations (2003),5.6,Awards,4 wins & 11 nominations,Jonathan Lynn,"$33,972,062",PG-13,67,40,7.1K
Final Destination 2 (2003),6.2,Awards,4 nominations,David R. Ellis,"$90,941,129",R,518,177,160K
Finding Nemo (2003),8.1,Won 1 Oscar,48 wins & 63 nominations total,Andrew Stanton,"$940,352,645",G,1K,158,992K
